{
  "project_info": {
    "project_number": "886749387415",
    "project_id": "myprojectshoes",
    "storage_bucket": "myprojectshoes.appspot.com"
  },
  "client": [
    {
      "client_info": {
        "mobilesdk_app_id": "1:886749387415:android:cc7dd37cb8b6869ed1e7d2",
        "android_client_info": {
          "package_name": "com.example.project"
        }
      },
      "oauth_client": [],
      "api_key": [
        {
          "current_key": "AIzaSyCosugpF1WimChhvc7ii-tXSUuZeSxWHOM"
        }
      ],
      "services": {
        "appinvite_service": {
          "other_platform_oauth_client": []
        }
      }
    }
  ],
  "configuration_version": "1"
}